;Link Affiliato;Descrizione (lascia vuoto per farla generare da Gemini);
# Righe che iniziano con # sono commenti e vengono ignorate;;;
# Esempio (sostituisci con i tuoi prodotti veri e i tuoi link SiteStripe):;;;
# XP Deus 2;https://www.amazon.it/dp/XXXXXXX?tag=nuanda1979-21;Il top di gamma XP; leggero e potente
Nokta FINDX PRO Metal Detector;https://amzn.to/3SQZNn7;;
Minelab X-Terra PRO Metal Detector;https://amzn.to/4pj943g;;
XP Metal Detectors MI-6 pinpointer; con connettivit‡ wireless ai metal detector Deus II; Deus e ORX;https://amzn.to/3Tlghnv
Garrett ACE 300i Metal Detector;https://amzn.to/3T5ntEc;;
Quest X1 IDmaxX - Kit completo;https://amzn.to/4vtKWwc;;
Fisher F22 - Rilevatore di metalli resistente alle intemperie; con bobina di ricerca sommergibile; nero;https://amzn.to/3Tgcmbx
Pinpointer Garrett Propointer Arancione;https://amzn.to/3RF4pw9;;
Rivelatore di metalli Minelab Pro Find 15;https://amzn.to/4w61Ke7;;
XP Metal Detectors Backpack 240; zaino leggero e robusto appositamente progettato per i metal detector; ergonomico e comodo con pi˘ di 10 tasche e scomparti dedicati;https://amzn.to/44tSX9G
Borsa Marsupio per Metal Detector; Multiuso Pouch e Fondina per Pinpointer;https://amzn.to/4aSJ60A;
